1;mlst_qos.py;exp_ER_20;graph_ER_20_1_50_20_0;output_qos.csv;
2;mlst_qos.py;exp_ER_20;graph_ER_20_1_50_20_1;output_qos.csv;
3;mlst_qos.py;exp_ER_20;graph_ER_20_1_50_20_2;output_qos.csv;
4;mlst_qos.py;exp_ER_20;graph_ER_20_1_50_20_3;output_qos.csv;
5;mlst_qos.py;exp_ER_20;graph_ER_20_1_50_20_4;output_qos.csv;
6;mlst_qos.py;exp_ER_20;graph_ER_20_1_50_20_5;output_qos.csv;
7;mlst_qos.py;exp_ER_20;graph_ER_20_1_50_20_6;output_qos.csv;
8;mlst_qos.py;exp_ER_20;graph_ER_20_1_50_20_7;output_qos.csv;
9;mlst_qos.py;exp_ER_20;graph_ER_20_1_50_20_8;output_qos.csv;
10;mlst_qos.py;exp_ER_20;graph_ER_20_1_50_20_9;output_qos.csv;
11;mlst_qos.py;exp_ER_20;graph_ER_20_1_50_20_10;output_qos.csv;
12;mlst_qos.py;exp_ER_20;graph_ER_20_1_50_20_11;output_qos.csv;
13;mlst_qos.py;exp_ER_20;graph_ER_20_1_50_20_12;output_qos.csv;
14;mlst_qos.py;exp_ER_20;graph_ER_20_1_50_20_13;output_qos.csv;
15;mlst_qos.py;exp_ER_20;graph_ER_20_1_50_20_14;output_qos.csv;
16;mlst_qos.py;exp_ER_20;graph_ER_20_1_50_20_15;output_qos.csv;
17;mlst_qos.py;exp_ER_20;graph_ER_20_1_50_20_16;output_qos.csv;
18;mlst_qos.py;exp_ER_20;graph_ER_20_1_50_20_17;output_qos.csv;
19;mlst_qos.py;exp_ER_20;graph_ER_20_1_50_20_18;output_qos.csv;
20;mlst_qos.py;exp_ER_20;graph_ER_20_1_50_20_19;output_qos.csv;
21;mlst_qos.py;exp_ER_20;graph_ER_20_1_50_20_20;output_qos.csv;
22;mlst_qos.py;exp_ER_20;graph_ER_20_1_50_20_21;output_qos.csv;
23;mlst_qos.py;exp_ER_20;graph_ER_20_1_50_20_22;output_qos.csv;
24;mlst_qos.py;exp_ER_20;graph_ER_20_1_50_20_23;output_qos.csv;
25;mlst_qos.py;exp_ER_20;graph_ER_20_1_50_20_24;output_qos.csv;
26;mlst_qos.py;exp_ER_20;graph_ER_20_1_50_20_25;output_qos.csv;
27;mlst_qos.py;exp_ER_20;graph_ER_20_1_50_20_26;output_qos.csv;
28;mlst_qos.py;exp_ER_20;graph_ER_20_1_50_20_27;output_qos.csv;
29;mlst_qos.py;exp_ER_20;graph_ER_20_1_50_20_28;output_qos.csv;
30;mlst_qos.py;exp_ER_20;graph_ER_20_1_50_20_29;output_qos.csv;
31;mlst_qos.py;exp_ER_20;graph_ER_20_1_50_20_30;output_qos.csv;
32;mlst_qos.py;exp_ER_20;graph_ER_20_1_50_20_31;output_qos.csv;
33;mlst_qos.py;exp_ER_20;graph_ER_20_1_50_20_32;output_qos.csv;
34;mlst_qos.py;exp_ER_20;graph_ER_20_1_50_20_33;output_qos.csv;
35;mlst_qos.py;exp_ER_20;graph_ER_20_1_50_20_34;output_qos.csv;
36;mlst_qos.py;exp_ER_20;graph_ER_20_1_50_20_35;output_qos.csv;
37;mlst_qos.py;exp_ER_20;graph_ER_20_1_50_20_36;output_qos.csv;
38;mlst_qos.py;exp_ER_20;graph_ER_20_1_50_20_37;output_qos.csv;
39;mlst_qos.py;exp_ER_20;graph_ER_20_1_50_20_38;output_qos.csv;
40;mlst_qos.py;exp_ER_20;graph_ER_20_1_50_20_39;output_qos.csv;
41;mlst_qos.py;exp_ER_20;graph_ER_20_1_50_20_40;output_qos.csv;
42;mlst_qos.py;exp_ER_20;graph_ER_20_1_50_20_41;output_qos.csv;
43;mlst_qos.py;exp_ER_20;graph_ER_20_1_50_20_42;output_qos.csv;
44;mlst_qos.py;exp_ER_20;graph_ER_20_1_50_20_43;output_qos.csv;
45;mlst_qos.py;exp_ER_20;graph_ER_20_1_50_20_44;output_qos.csv;
46;mlst_qos.py;exp_ER_20;graph_ER_20_1_50_20_45;output_qos.csv;
47;mlst_qos.py;exp_ER_20;graph_ER_20_1_50_20_46;output_qos.csv;
48;mlst_qos.py;exp_ER_20;graph_ER_20_1_50_20_47;output_qos.csv;
49;mlst_qos.py;exp_ER_20;graph_ER_20_1_50_20_48;output_qos.csv;
50;mlst_qos.py;exp_ER_20;graph_ER_20_1_50_20_49;output_qos.csv;
51;mlst_qos.py;exp_ER_20;graph_ER_20_1_50_20_50;output_qos.csv;
52;mlst_qos.py;exp_ER_20;graph_ER_20_1_50_20_51;output_qos.csv;
53;mlst_qos.py;exp_ER_20;graph_ER_20_1_50_20_52;output_qos.csv;
54;mlst_qos.py;exp_ER_20;graph_ER_20_1_50_20_53;output_qos.csv;
55;mlst_qos.py;exp_ER_20;graph_ER_20_1_50_20_54;output_qos.csv;
56;mlst_qos.py;exp_ER_20;graph_ER_20_1_50_20_55;output_qos.csv;
57;mlst_qos.py;exp_ER_20;graph_ER_20_1_50_20_56;output_qos.csv;
58;mlst_qos.py;exp_ER_20;graph_ER_20_1_50_20_57;output_qos.csv;
59;mlst_qos.py;exp_ER_20;graph_ER_20_1_50_20_58;output_qos.csv;
60;mlst_qos.py;exp_ER_20;graph_ER_20_1_50_20_59;output_qos.csv;
61;mlst_qos.py;exp_ER_20;graph_ER_20_1_50_20_60;output_qos.csv;
62;mlst_qos.py;exp_ER_20;graph_ER_20_1_50_20_61;output_qos.csv;
63;mlst_qos.py;exp_ER_20;graph_ER_20_1_50_20_62;output_qos.csv;
64;mlst_qos.py;exp_ER_20;graph_ER_20_1_50_20_63;output_qos.csv;
65;mlst_qos.py;exp_ER_20;graph_ER_20_1_50_20_64;output_qos.csv;
66;mlst_qos.py;exp_ER_20;graph_ER_20_1_50_20_65;output_qos.csv;
67;mlst_qos.py;exp_ER_20;graph_ER_20_1_50_20_66;output_qos.csv;
68;mlst_qos.py;exp_ER_20;graph_ER_20_1_50_20_67;output_qos.csv;
69;mlst_qos.py;exp_ER_20;graph_ER_20_1_50_20_68;output_qos.csv;
70;mlst_qos.py;exp_ER_20;graph_ER_20_1_50_20_69;output_qos.csv;
71;mlst_qos.py;exp_ER_20;graph_ER_20_1_50_20_70;output_qos.csv;
72;mlst_qos.py;exp_ER_20;graph_ER_20_1_50_20_71;output_qos.csv;
73;mlst_qos.py;exp_ER_20;graph_ER_20_1_50_20_72;output_qos.csv;
74;mlst_qos.py;exp_ER_20;graph_ER_20_1_50_20_73;output_qos.csv;
75;mlst_qos.py;exp_ER_20;graph_ER_20_1_50_20_74;output_qos.csv;
76;mlst_qos.py;exp_ER_20;graph_ER_20_1_50_20_75;output_qos.csv;
77;mlst_qos.py;exp_ER_20;graph_ER_20_1_50_20_76;output_qos.csv;
78;mlst_qos.py;exp_ER_20;graph_ER_20_1_50_20_77;output_qos.csv;
79;mlst_qos.py;exp_ER_20;graph_ER_20_1_50_20_78;output_qos.csv;
80;mlst_qos.py;exp_ER_20;graph_ER_20_1_50_20_79;output_qos.csv;
81;mlst_qos.py;exp_ER_20;graph_ER_20_1_50_20_80;output_qos.csv;
82;mlst_qos.py;exp_ER_20;graph_ER_20_1_50_20_81;output_qos.csv;
83;mlst_qos.py;exp_ER_20;graph_ER_20_1_50_20_82;output_qos.csv;
84;mlst_qos.py;exp_ER_20;graph_ER_20_1_50_20_83;output_qos.csv;
85;mlst_qos.py;exp_ER_20;graph_ER_20_1_50_20_84;output_qos.csv;
86;mlst_qos.py;exp_ER_20;graph_ER_20_1_50_20_85;output_qos.csv;
87;mlst_qos.py;exp_ER_20;graph_ER_20_1_50_20_86;output_qos.csv;
88;mlst_qos.py;exp_ER_20;graph_ER_20_1_50_20_87;output_qos.csv;
89;mlst_qos.py;exp_ER_20;graph_ER_20_1_50_20_88;output_qos.csv;
90;mlst_qos.py;exp_ER_20;graph_ER_20_1_50_20_89;output_qos.csv;
91;mlst_qos.py;exp_ER_20;graph_ER_20_1_50_20_90;output_qos.csv;
92;mlst_qos.py;exp_ER_20;graph_ER_20_1_50_20_91;output_qos.csv;
93;mlst_qos.py;exp_ER_20;graph_ER_20_1_50_20_92;output_qos.csv;
94;mlst_qos.py;exp_ER_20;graph_ER_20_1_50_20_93;output_qos.csv;
95;mlst_qos.py;exp_ER_20;graph_ER_20_1_50_20_94;output_qos.csv;
96;mlst_qos.py;exp_ER_20;graph_ER_20_1_50_20_95;output_qos.csv;
97;mlst_qos.py;exp_ER_20;graph_ER_20_1_50_20_96;output_qos.csv;
98;mlst_qos.py;exp_ER_20;graph_ER_20_1_50_20_97;output_qos.csv;
99;mlst_qos.py;exp_ER_20;graph_ER_20_1_50_20_98;output_qos.csv;
100;mlst_qos.py;exp_ER_20;graph_ER_20_1_50_20_99;output_qos.csv;
101;mlst_qos.py;exp_ER_20;graph_ER_20_1_50_20_100;output_qos.csv;
102;mlst_qos.py;exp_ER_20;graph_ER_20_1_50_20_101;output_qos.csv;
103;mlst_qos.py;exp_ER_20;graph_ER_20_1_50_20_102;output_qos.csv;
104;mlst_qos.py;exp_ER_20;graph_ER_20_1_50_20_103;output_qos.csv;
105;mlst_qos.py;exp_ER_20;graph_ER_20_1_50_20_104;output_qos.csv;
106;mlst_qos.py;exp_ER_20;graph_ER_20_1_50_20_105;output_qos.csv;
107;mlst_qos.py;exp_ER_20;graph_ER_20_1_50_20_106;output_qos.csv;
108;mlst_qos.py;exp_ER_20;graph_ER_20_1_50_20_107;output_qos.csv;
109;mlst_qos.py;exp_ER_20;graph_ER_20_1_50_20_108;output_qos.csv;
110;mlst_qos.py;exp_ER_20;graph_ER_20_1_50_20_109;output_qos.csv;
111;mlst_qos.py;exp_ER_20;graph_ER_20_1_50_20_110;output_qos.csv;
112;mlst_qos.py;exp_ER_20;graph_ER_20_1_50_20_111;output_qos.csv;
113;mlst_qos.py;exp_ER_20;graph_ER_20_1_50_20_112;output_qos.csv;
114;mlst_qos.py;exp_ER_20;graph_ER_20_1_50_20_113;output_qos.csv;
115;mlst_qos.py;exp_ER_20;graph_ER_20_1_50_20_114;output_qos.csv;
116;mlst_qos.py;exp_ER_20;graph_ER_20_1_50_20_115;output_qos.csv;
117;mlst_qos.py;exp_ER_20;graph_ER_20_1_50_20_116;output_qos.csv;
118;mlst_qos.py;exp_ER_20;graph_ER_20_1_50_20_117;output_qos.csv;
119;mlst_qos.py;exp_ER_20;graph_ER_20_1_50_20_118;output_qos.csv;
120;mlst_qos.py;exp_ER_20;graph_ER_20_1_50_20_119;output_qos.csv;
121;mlst_qos.py;exp_ER_20;graph_ER_20_1_50_20_120;output_qos.csv;
122;mlst_qos.py;exp_ER_20;graph_ER_20_1_50_20_121;output_qos.csv;
123;mlst_qos.py;exp_ER_20;graph_ER_20_1_50_20_122;output_qos.csv;
124;mlst_qos.py;exp_ER_20;graph_ER_20_1_50_20_123;output_qos.csv;
125;mlst_qos.py;exp_ER_20;graph_ER_20_1_50_20_124;output_qos.csv;
126;mlst_qos.py;exp_ER_20;graph_ER_20_1_50_20_125;output_qos.csv;
127;mlst_qos.py;exp_ER_20;graph_ER_20_1_50_20_126;output_qos.csv;
128;mlst_qos.py;exp_ER_20;graph_ER_20_1_50_20_127;output_qos.csv;
129;mlst_qos.py;exp_ER_20;graph_ER_20_1_50_20_128;output_qos.csv;
130;mlst_qos.py;exp_ER_20;graph_ER_20_1_50_20_129;output_qos.csv;
131;mlst_qos.py;exp_ER_20;graph_ER_20_1_50_20_130;output_qos.csv;
132;mlst_qos.py;exp_ER_20;graph_ER_20_1_50_20_131;output_qos.csv;
133;mlst_qos.py;exp_ER_20;graph_ER_20_1_50_20_132;output_qos.csv;
134;mlst_qos.py;exp_ER_20;graph_ER_20_1_50_20_133;output_qos.csv;
135;mlst_qos.py;exp_ER_20;graph_ER_20_1_50_20_134;output_qos.csv;
136;mlst_qos.py;exp_ER_20;graph_ER_20_1_50_20_135;output_qos.csv;
137;mlst_qos.py;exp_ER_20;graph_ER_20_1_50_20_136;output_qos.csv;
138;mlst_qos.py;exp_ER_20;graph_ER_20_1_50_20_137;output_qos.csv;
139;mlst_qos.py;exp_ER_20;graph_ER_20_1_50_20_138;output_qos.csv;
140;mlst_qos.py;exp_ER_20;graph_ER_20_1_50_20_139;output_qos.csv;
141;mlst_qos.py;exp_ER_20;graph_ER_20_1_50_20_140;output_qos.csv;
142;mlst_qos.py;exp_ER_20;graph_ER_20_1_50_20_141;output_qos.csv;
143;mlst_qos.py;exp_ER_20;graph_ER_20_1_50_20_142;output_qos.csv;
144;mlst_qos.py;exp_ER_20;graph_ER_20_1_50_20_143;output_qos.csv;
145;mlst_qos.py;exp_ER_20;graph_ER_20_1_50_20_144;output_qos.csv;
146;mlst_qos.py;exp_ER_20;graph_ER_20_1_50_20_145;output_qos.csv;
147;mlst_qos.py;exp_ER_20;graph_ER_20_1_50_20_146;output_qos.csv;
148;mlst_qos.py;exp_ER_20;graph_ER_20_1_50_20_147;output_qos.csv;
149;mlst_qos.py;exp_ER_20;graph_ER_20_1_50_20_148;output_qos.csv;
150;mlst_qos.py;exp_ER_20;graph_ER_20_1_50_20_149;output_qos.csv;
151;mlst_qos.py;exp_ER_20;graph_ER_20_1_50_20_150;output_qos.csv;
152;mlst_qos.py;exp_ER_20;graph_ER_20_1_50_20_151;output_qos.csv;
153;mlst_qos.py;exp_ER_20;graph_ER_20_1_50_20_152;output_qos.csv;
154;mlst_qos.py;exp_ER_20;graph_ER_20_1_50_20_153;output_qos.csv;
155;mlst_qos.py;exp_ER_20;graph_ER_20_1_50_20_154;output_qos.csv;
156;mlst_qos.py;exp_ER_20;graph_ER_20_1_50_20_155;output_qos.csv;
157;mlst_qos.py;exp_ER_20;graph_ER_20_1_50_20_156;output_qos.csv;
158;mlst_qos.py;exp_ER_20;graph_ER_20_1_50_20_157;output_qos.csv;
159;mlst_qos.py;exp_ER_20;graph_ER_20_1_50_20_158;output_qos.csv;
160;mlst_qos.py;exp_ER_20;graph_ER_20_1_50_20_159;output_qos.csv;
161;mlst_qos.py;exp_ER_20;graph_ER_20_1_50_20_160;output_qos.csv;
162;mlst_qos.py;exp_ER_20;graph_ER_20_1_50_20_161;output_qos.csv;
163;mlst_qos.py;exp_ER_20;graph_ER_20_1_50_20_162;output_qos.csv;
164;mlst_qos.py;exp_ER_20;graph_ER_20_1_50_20_163;output_qos.csv;
165;mlst_qos.py;exp_ER_20;graph_ER_20_1_50_20_164;output_qos.csv;
166;mlst_qos.py;exp_ER_20;graph_ER_20_1_50_20_165;output_qos.csv;
167;mlst_qos.py;exp_ER_20;graph_ER_20_1_50_20_166;output_qos.csv;
168;mlst_qos.py;exp_ER_20;graph_ER_20_1_50_20_167;output_qos.csv;
169;mlst_qos.py;exp_ER_20;graph_ER_20_1_50_20_168;output_qos.csv;
170;mlst_qos.py;exp_ER_20;graph_ER_20_1_50_20_169;output_qos.csv;
171;mlst_qos.py;exp_ER_20;graph_ER_20_1_50_20_170;output_qos.csv;
172;mlst_qos.py;exp_ER_20;graph_ER_20_1_50_20_171;output_qos.csv;
173;mlst_qos.py;exp_ER_20;graph_ER_20_1_50_20_172;output_qos.csv;
174;mlst_qos.py;exp_ER_20;graph_ER_20_1_50_20_173;output_qos.csv;
175;mlst_qos.py;exp_ER_20;graph_ER_20_1_50_20_174;output_qos.csv;
176;mlst_qos.py;exp_ER_20;graph_ER_20_1_50_20_175;output_qos.csv;
177;mlst_qos.py;exp_ER_20;graph_ER_20_1_50_20_176;output_qos.csv;
178;mlst_qos.py;exp_ER_20;graph_ER_20_1_50_20_177;output_qos.csv;
179;mlst_qos.py;exp_ER_20;graph_ER_20_1_50_20_178;output_qos.csv;
180;mlst_qos.py;exp_ER_20;graph_ER_20_1_50_20_179;output_qos.csv;
181;mlst_qos.py;exp_ER_20;graph_ER_20_1_50_20_180;output_qos.csv;
182;mlst_qos.py;exp_ER_20;graph_ER_20_1_50_20_181;output_qos.csv;
183;mlst_qos.py;exp_ER_20;graph_ER_20_1_50_20_182;output_qos.csv;
184;mlst_qos.py;exp_ER_20;graph_ER_20_1_50_20_183;output_qos.csv;
185;mlst_qos.py;exp_ER_20;graph_ER_20_1_50_20_184;output_qos.csv;
186;mlst_qos.py;exp_ER_20;graph_ER_20_1_50_20_185;output_qos.csv;
187;mlst_qos.py;exp_ER_20;graph_ER_20_1_50_20_186;output_qos.csv;
188;mlst_qos.py;exp_ER_20;graph_ER_20_1_50_20_187;output_qos.csv;
189;mlst_qos.py;exp_ER_20;graph_ER_20_1_50_20_188;output_qos.csv;
190;mlst_qos.py;exp_ER_20;graph_ER_20_1_50_20_189;output_qos.csv;
191;mlst_qos.py;exp_ER_20;graph_ER_20_1_50_20_190;output_qos.csv;
192;mlst_qos.py;exp_ER_20;graph_ER_20_1_50_20_191;output_qos.csv;
193;mlst_qos.py;exp_ER_20;graph_ER_20_1_50_20_192;output_qos.csv;
194;mlst_qos.py;exp_ER_20;graph_ER_20_1_50_20_193;output_qos.csv;
195;mlst_qos.py;exp_ER_20;graph_ER_20_1_50_20_194;output_qos.csv;
196;mlst_qos.py;exp_ER_20;graph_ER_20_1_50_20_195;output_qos.csv;
197;mlst_qos.py;exp_ER_20;graph_ER_20_1_50_20_196;output_qos.csv;
198;mlst_qos.py;exp_ER_20;graph_ER_20_1_50_20_197;output_qos.csv;
199;mlst_qos.py;exp_ER_20;graph_ER_20_1_50_20_198;output_qos.csv;
200;mlst_qos.py;exp_ER_20;graph_ER_20_1_50_20_199;output_qos.csv;
201;mlst_qos.py;exp_ER_20;graph_ER_20_1_50_20_200;output_qos.csv;
202;mlst_qos.py;exp_ER_20;graph_ER_20_1_50_20_201;output_qos.csv;
203;mlst_qos.py;exp_ER_20;graph_ER_20_1_50_20_202;output_qos.csv;
204;mlst_qos.py;exp_ER_20;graph_ER_20_1_50_20_203;output_qos.csv;
205;mlst_qos.py;exp_ER_20;graph_ER_20_1_50_20_204;output_qos.csv;
206;mlst_qos.py;exp_ER_20;graph_ER_20_1_50_20_205;output_qos.csv;
207;mlst_qos.py;exp_ER_20;graph_ER_20_1_50_20_206;output_qos.csv;
208;mlst_qos.py;exp_ER_20;graph_ER_20_1_50_20_207;output_qos.csv;
209;mlst_qos.py;exp_ER_20;graph_ER_20_1_50_20_208;output_qos.csv;
210;mlst_qos.py;exp_ER_20;graph_ER_20_1_50_20_209;output_qos.csv;
211;mlst_qos.py;exp_ER_20;graph_ER_20_1_50_20_210;output_qos.csv;
212;mlst_qos.py;exp_ER_20;graph_ER_20_1_50_20_211;output_qos.csv;
213;mlst_qos.py;exp_ER_20;graph_ER_20_1_50_20_212;output_qos.csv;
214;mlst_qos.py;exp_ER_20;graph_ER_20_1_50_20_213;output_qos.csv;
215;mlst_qos.py;exp_ER_20;graph_ER_20_1_50_20_214;output_qos.csv;
216;mlst_qos.py;exp_ER_20;graph_ER_20_1_50_20_215;output_qos.csv;
217;mlst_qos.py;exp_ER_20;graph_ER_20_1_50_20_216;output_qos.csv;
218;mlst_qos.py;exp_ER_20;graph_ER_20_1_50_20_217;output_qos.csv;
219;mlst_qos.py;exp_ER_20;graph_ER_20_1_50_20_218;output_qos.csv;
220;mlst_qos.py;exp_ER_20;graph_ER_20_1_50_20_219;output_qos.csv;
221;mlst_qos.py;exp_ER_20;graph_ER_20_1_50_20_220;output_qos.csv;
222;mlst_qos.py;exp_ER_20;graph_ER_20_1_50_20_221;output_qos.csv;
223;mlst_qos.py;exp_ER_20;graph_ER_20_1_50_20_222;output_qos.csv;
224;mlst_qos.py;exp_ER_20;graph_ER_20_1_50_20_223;output_qos.csv;
225;mlst_qos.py;exp_ER_20;graph_ER_20_1_50_20_224;output_qos.csv;
226;mlst_qos.py;exp_ER_20;graph_ER_20_1_50_20_225;output_qos.csv;
227;mlst_qos.py;exp_ER_20;graph_ER_20_1_50_20_226;output_qos.csv;
228;mlst_qos.py;exp_ER_20;graph_ER_20_1_50_20_227;output_qos.csv;
229;mlst_qos.py;exp_ER_20;graph_ER_20_1_50_20_228;output_qos.csv;
230;mlst_qos.py;exp_ER_20;graph_ER_20_1_50_20_229;output_qos.csv;
231;mlst_qos.py;exp_ER_20;graph_ER_20_1_50_20_230;output_qos.csv;
232;mlst_qos.py;exp_ER_20;graph_ER_20_1_50_20_231;output_qos.csv;
233;mlst_qos.py;exp_ER_20;graph_ER_20_1_50_20_232;output_qos.csv;
234;mlst_qos.py;exp_ER_20;graph_ER_20_1_50_20_233;output_qos.csv;
235;mlst_qos.py;exp_ER_20;graph_ER_20_1_50_20_234;output_qos.csv;
236;mlst_qos.py;exp_ER_20;graph_ER_20_1_50_20_235;output_qos.csv;
237;mlst_qos.py;exp_ER_20;graph_ER_20_1_50_20_236;output_qos.csv;
238;mlst_qos.py;exp_ER_20;graph_ER_20_1_50_20_237;output_qos.csv;
239;mlst_qos.py;exp_ER_20;graph_ER_20_1_50_20_238;output_qos.csv;
240;mlst_qos.py;exp_ER_20;graph_ER_20_1_50_20_239;output_qos.csv;
241;mlst_qos.py;exp_ER_20;graph_ER_20_1_50_20_240;output_qos.csv;
242;mlst_qos.py;exp_ER_20;graph_ER_20_1_50_20_241;output_qos.csv;
243;mlst_qos.py;exp_ER_20;graph_ER_20_1_50_20_242;output_qos.csv;
244;mlst_qos.py;exp_ER_20;graph_ER_20_1_50_20_243;output_qos.csv;
245;mlst_qos.py;exp_ER_20;graph_ER_20_1_50_20_244;output_qos.csv;
246;mlst_qos.py;exp_ER_20;graph_ER_20_1_50_20_245;output_qos.csv;
247;mlst_qos.py;exp_ER_20;graph_ER_20_1_50_20_246;output_qos.csv;
248;mlst_qos.py;exp_ER_20;graph_ER_20_1_50_20_247;output_qos.csv;
249;mlst_qos.py;exp_ER_20;graph_ER_20_1_50_20_248;output_qos.csv;
250;mlst_qos.py;exp_ER_20;graph_ER_20_1_50_20_249;output_qos.csv;
251;mlst_qos.py;exp_ER_20;graph_ER_20_1_50_20_250;output_qos.csv;
252;mlst_qos.py;exp_ER_20;graph_ER_20_1_50_20_251;output_qos.csv;
253;mlst_qos.py;exp_ER_20;graph_ER_20_1_50_20_252;output_qos.csv;
254;mlst_qos.py;exp_ER_20;graph_ER_20_1_50_20_253;output_qos.csv;
255;mlst_qos.py;exp_ER_20;graph_ER_20_1_50_20_254;output_qos.csv;
256;mlst_qos.py;exp_ER_20;graph_ER_20_1_50_20_255;output_qos.csv;
257;mlst_qos.py;exp_ER_20;graph_ER_20_1_50_20_256;output_qos.csv;
258;mlst_qos.py;exp_ER_20;graph_ER_20_1_50_20_257;output_qos.csv;
259;mlst_qos.py;exp_ER_20;graph_ER_20_1_50_20_258;output_qos.csv;
260;mlst_qos.py;exp_ER_20;graph_ER_20_1_50_20_259;output_qos.csv;
261;mlst_qos.py;exp_ER_20;graph_ER_20_1_50_20_260;output_qos.csv;
262;mlst_qos.py;exp_ER_20;graph_ER_20_1_50_20_261;output_qos.csv;
263;mlst_qos.py;exp_ER_20;graph_ER_20_1_50_20_262;output_qos.csv;
264;mlst_qos.py;exp_ER_20;graph_ER_20_1_50_20_263;output_qos.csv;
265;mlst_qos.py;exp_ER_20;graph_ER_20_1_50_20_264;output_qos.csv;
266;mlst_qos.py;exp_ER_20;graph_ER_20_1_50_20_265;output_qos.csv;
267;mlst_qos.py;exp_ER_20;graph_ER_20_1_50_20_266;output_qos.csv;
268;mlst_qos.py;exp_ER_20;graph_ER_20_1_50_20_267;output_qos.csv;
269;mlst_qos.py;exp_ER_20;graph_ER_20_1_50_20_268;output_qos.csv;
270;mlst_qos.py;exp_ER_20;graph_ER_20_1_50_20_269;output_qos.csv;
271;mlst_qos.py;exp_ER_20;graph_ER_20_1_50_20_270;output_qos.csv;
272;mlst_qos.py;exp_ER_20;graph_ER_20_1_50_20_271;output_qos.csv;
273;mlst_qos.py;exp_ER_20;graph_ER_20_1_50_20_272;output_qos.csv;
274;mlst_qos.py;exp_ER_20;graph_ER_20_1_50_20_273;output_qos.csv;
275;mlst_qos.py;exp_ER_20;graph_ER_20_1_50_20_274;output_qos.csv;
276;mlst_qos.py;exp_ER_20;graph_ER_20_1_50_20_275;output_qos.csv;
277;mlst_qos.py;exp_ER_20;graph_ER_20_1_50_20_276;output_qos.csv;
278;mlst_qos.py;exp_ER_20;graph_ER_20_1_50_20_277;output_qos.csv;
279;mlst_qos.py;exp_ER_20;graph_ER_20_1_50_20_278;output_qos.csv;
280;mlst_qos.py;exp_ER_20;graph_ER_20_1_50_20_279;output_qos.csv;
281;mlst_qos.py;exp_ER_20;graph_ER_20_1_50_20_280;output_qos.csv;
282;mlst_qos.py;exp_ER_20;graph_ER_20_1_50_20_281;output_qos.csv;
283;mlst_qos.py;exp_ER_20;graph_ER_20_1_50_20_282;output_qos.csv;
284;mlst_qos.py;exp_ER_20;graph_ER_20_1_50_20_283;output_qos.csv;
285;mlst_qos.py;exp_ER_20;graph_ER_20_1_50_20_284;output_qos.csv;
286;mlst_qos.py;exp_ER_20;graph_ER_20_1_50_20_285;output_qos.csv;
287;mlst_qos.py;exp_ER_20;graph_ER_20_1_50_20_286;output_qos.csv;
288;mlst_qos.py;exp_ER_20;graph_ER_20_1_50_20_287;output_qos.csv;
289;mlst_qos.py;exp_ER_20;graph_ER_20_1_50_20_288;output_qos.csv;
290;mlst_qos.py;exp_ER_20;graph_ER_20_1_50_20_289;output_qos.csv;
291;mlst_qos.py;exp_ER_20;graph_ER_20_1_50_20_290;output_qos.csv;
292;mlst_qos.py;exp_ER_20;graph_ER_20_1_50_20_291;output_qos.csv;
293;mlst_qos.py;exp_ER_20;graph_ER_20_1_50_20_292;output_qos.csv;
294;mlst_qos.py;exp_ER_20;graph_ER_20_1_50_20_293;output_qos.csv;
295;mlst_qos.py;exp_ER_20;graph_ER_20_1_50_20_294;output_qos.csv;
296;mlst_qos.py;exp_ER_20;graph_ER_20_1_50_20_295;output_qos.csv;
297;mlst_qos.py;exp_ER_20;graph_ER_20_1_50_20_296;output_qos.csv;
298;mlst_qos.py;exp_ER_20;graph_ER_20_1_50_20_297;output_qos.csv;
299;mlst_qos.py;exp_ER_20;graph_ER_20_1_50_20_298;output_qos.csv;
300;mlst_qos.py;exp_ER_20;graph_ER_20_1_50_20_299;output_qos.csv;
301;mlst_qos.py;exp_ER_20;graph_ER_20_1_50_20_300;output_qos.csv;
302;mlst_qos.py;exp_ER_20;graph_ER_20_1_50_20_301;output_qos.csv;
303;mlst_qos.py;exp_ER_20;graph_ER_20_1_50_20_302;output_qos.csv;
304;mlst_qos.py;exp_ER_20;graph_ER_20_1_50_20_303;output_qos.csv;
305;mlst_qos.py;exp_ER_20;graph_ER_20_1_50_20_304;output_qos.csv;
306;mlst_qos.py;exp_ER_20;graph_ER_20_1_50_20_305;output_qos.csv;
307;mlst_qos.py;exp_ER_20;graph_ER_20_1_50_20_306;output_qos.csv;
308;mlst_qos.py;exp_ER_20;graph_ER_20_1_50_20_307;output_qos.csv;
309;mlst_qos.py;exp_ER_20;graph_ER_20_1_50_20_308;output_qos.csv;
310;mlst_qos.py;exp_ER_20;graph_ER_20_1_50_20_309;output_qos.csv;
311;mlst_qos.py;exp_ER_20;graph_ER_20_1_50_20_310;output_qos.csv;
312;mlst_qos.py;exp_ER_20;graph_ER_20_1_50_20_311;output_qos.csv;
313;mlst_qos.py;exp_ER_20;graph_ER_20_1_50_20_312;output_qos.csv;
314;mlst_qos.py;exp_ER_20;graph_ER_20_1_50_20_313;output_qos.csv;
315;mlst_qos.py;exp_ER_20;graph_ER_20_1_50_20_314;output_qos.csv;
316;mlst_qos.py;exp_ER_20;graph_ER_20_1_50_20_315;output_qos.csv;
317;mlst_qos.py;exp_ER_20;graph_ER_20_1_50_20_316;output_qos.csv;
318;mlst_qos.py;exp_ER_20;graph_ER_20_1_50_20_317;output_qos.csv;
319;mlst_qos.py;exp_ER_20;graph_ER_20_1_50_20_318;output_qos.csv;
320;mlst_qos.py;exp_ER_20;graph_ER_20_1_50_20_319;output_qos.csv;
321;mlst_qos.py;exp_ER_20;graph_ER_20_1_50_20_320;output_qos.csv;
322;mlst_qos.py;exp_ER_20;graph_ER_20_1_50_20_321;output_qos.csv;
323;mlst_qos.py;exp_ER_20;graph_ER_20_1_50_20_322;output_qos.csv;
324;mlst_qos.py;exp_ER_20;graph_ER_20_1_50_20_323;output_qos.csv;
325;mlst_qos.py;exp_ER_20;graph_ER_20_1_50_20_324;output_qos.csv;
326;mlst_qos.py;exp_ER_20;graph_ER_20_1_50_20_325;output_qos.csv;
327;mlst_qos.py;exp_ER_20;graph_ER_20_1_50_20_326;output_qos.csv;
328;mlst_qos.py;exp_ER_20;graph_ER_20_1_50_20_327;output_qos.csv;
329;mlst_qos.py;exp_ER_20;graph_ER_20_1_50_20_328;output_qos.csv;
330;mlst_qos.py;exp_ER_20;graph_ER_20_1_50_20_329;output_qos.csv;
331;mlst_qos.py;exp_ER_20;graph_ER_20_1_50_20_330;output_qos.csv;
332;mlst_qos.py;exp_ER_20;graph_ER_20_1_50_20_331;output_qos.csv;
333;mlst_qos.py;exp_ER_20;graph_ER_20_1_50_20_332;output_qos.csv;
334;mlst_qos.py;exp_ER_20;graph_ER_20_1_50_20_333;output_qos.csv;
335;mlst_qos.py;exp_ER_20;graph_ER_20_1_50_20_334;output_qos.csv;
336;mlst_qos.py;exp_ER_20;graph_ER_20_1_50_20_335;output_qos.csv;
337;mlst_qos.py;exp_ER_20;graph_ER_20_1_50_20_336;output_qos.csv;
338;mlst_qos.py;exp_ER_20;graph_ER_20_1_50_20_337;output_qos.csv;
339;mlst_qos.py;exp_ER_20;graph_ER_20_1_50_20_338;output_qos.csv;
340;mlst_qos.py;exp_ER_20;graph_ER_20_1_50_20_339;output_qos.csv;
341;mlst_qos.py;exp_ER_20;graph_ER_20_1_50_20_340;output_qos.csv;
342;mlst_qos.py;exp_ER_20;graph_ER_20_1_50_20_341;output_qos.csv;
343;mlst_qos.py;exp_ER_20;graph_ER_20_1_50_20_342;output_qos.csv;
344;mlst_qos.py;exp_ER_20;graph_ER_20_1_50_20_343;output_qos.csv;
345;mlst_qos.py;exp_ER_20;graph_ER_20_1_50_20_344;output_qos.csv;
346;mlst_qos.py;exp_ER_20;graph_ER_20_1_50_20_345;output_qos.csv;
347;mlst_qos.py;exp_ER_20;graph_ER_20_1_50_20_346;output_qos.csv;
348;mlst_qos.py;exp_ER_20;graph_ER_20_1_50_20_347;output_qos.csv;
349;mlst_qos.py;exp_ER_20;graph_ER_20_1_50_20_348;output_qos.csv;
350;mlst_qos.py;exp_ER_20;graph_ER_20_1_50_20_349;output_qos.csv;
351;mlst_qos.py;exp_ER_20;graph_ER_20_1_50_20_350;output_qos.csv;
352;mlst_qos.py;exp_ER_20;graph_ER_20_1_50_20_351;output_qos.csv;
353;mlst_qos.py;exp_ER_20;graph_ER_20_1_50_20_352;output_qos.csv;
354;mlst_qos.py;exp_ER_20;graph_ER_20_1_50_20_353;output_qos.csv;
355;mlst_qos.py;exp_ER_20;graph_ER_20_1_50_20_354;output_qos.csv;
356;mlst_qos.py;exp_ER_20;graph_ER_20_1_50_20_355;output_qos.csv;
357;mlst_qos.py;exp_ER_20;graph_ER_20_1_50_20_356;output_qos.csv;
358;mlst_qos.py;exp_ER_20;graph_ER_20_1_50_20_357;output_qos.csv;
359;mlst_qos.py;exp_ER_20;graph_ER_20_1_50_20_358;output_qos.csv;
360;mlst_qos.py;exp_ER_20;graph_ER_20_1_50_20_359;output_qos.csv;
361;mlst_qos.py;exp_ER_20;graph_ER_20_1_50_20_360;output_qos.csv;
362;mlst_qos.py;exp_ER_20;graph_ER_20_1_50_20_361;output_qos.csv;
363;mlst_qos.py;exp_ER_20;graph_ER_20_1_50_20_362;output_qos.csv;
364;mlst_qos.py;exp_ER_20;graph_ER_20_1_50_20_363;output_qos.csv;
365;mlst_qos.py;exp_ER_20;graph_ER_20_1_50_20_364;output_qos.csv;
366;mlst_qos.py;exp_ER_20;graph_ER_20_1_50_20_365;output_qos.csv;
367;mlst_qos.py;exp_ER_20;graph_ER_20_1_50_20_366;output_qos.csv;
368;mlst_qos.py;exp_ER_20;graph_ER_20_1_50_20_367;output_qos.csv;
369;mlst_qos.py;exp_ER_20;graph_ER_20_1_50_20_368;output_qos.csv;
370;mlst_qos.py;exp_ER_20;graph_ER_20_1_50_20_369;output_qos.csv;
371;mlst_qos.py;exp_ER_20;graph_ER_20_1_50_20_370;output_qos.csv;
372;mlst_qos.py;exp_ER_20;graph_ER_20_1_50_20_371;output_qos.csv;
373;mlst_qos.py;exp_ER_20;graph_ER_20_1_50_20_372;output_qos.csv;
374;mlst_qos.py;exp_ER_20;graph_ER_20_1_50_20_373;output_qos.csv;
375;mlst_qos.py;exp_ER_20;graph_ER_20_1_50_20_374;output_qos.csv;
376;mlst_qos.py;exp_ER_20;graph_ER_20_1_50_20_375;output_qos.csv;
377;mlst_qos.py;exp_ER_20;graph_ER_20_1_50_20_376;output_qos.csv;
378;mlst_qos.py;exp_ER_20;graph_ER_20_1_50_20_377;output_qos.csv;
379;mlst_qos.py;exp_ER_20;graph_ER_20_1_50_20_378;output_qos.csv;
380;mlst_qos.py;exp_ER_20;graph_ER_20_1_50_20_379;output_qos.csv;
381;mlst_qos.py;exp_ER_20;graph_ER_20_1_50_20_380;output_qos.csv;
382;mlst_qos.py;exp_ER_20;graph_ER_20_1_50_20_381;output_qos.csv;
383;mlst_qos.py;exp_ER_20;graph_ER_20_1_50_20_382;output_qos.csv;
384;mlst_qos.py;exp_ER_20;graph_ER_20_1_50_20_383;output_qos.csv;
385;mlst_qos.py;exp_ER_20;graph_ER_20_1_50_20_384;output_qos.csv;
386;mlst_qos.py;exp_ER_20;graph_ER_20_1_50_20_385;output_qos.csv;
387;mlst_qos.py;exp_ER_20;graph_ER_20_1_50_20_386;output_qos.csv;
388;mlst_qos.py;exp_ER_20;graph_ER_20_1_50_20_387;output_qos.csv;
389;mlst_qos.py;exp_ER_20;graph_ER_20_1_50_20_388;output_qos.csv;
390;mlst_qos.py;exp_ER_20;graph_ER_20_1_50_20_389;output_qos.csv;
391;mlst_qos.py;exp_ER_20;graph_ER_20_1_50_20_390;output_qos.csv;
392;mlst_qos.py;exp_ER_20;graph_ER_20_1_50_20_391;output_qos.csv;
393;mlst_qos.py;exp_ER_20;graph_ER_20_1_50_20_392;output_qos.csv;
394;mlst_qos.py;exp_ER_20;graph_ER_20_1_50_20_393;output_qos.csv;
395;mlst_qos.py;exp_ER_20;graph_ER_20_1_50_20_394;output_qos.csv;
396;mlst_qos.py;exp_ER_20;graph_ER_20_1_50_20_395;output_qos.csv;
397;mlst_qos.py;exp_ER_20;graph_ER_20_1_50_20_396;output_qos.csv;
398;mlst_qos.py;exp_ER_20;graph_ER_20_1_50_20_397;output_qos.csv;
399;mlst_qos.py;exp_ER_20;graph_ER_20_1_50_20_398;output_qos.csv;
400;mlst_qos.py;exp_ER_20;graph_ER_20_1_50_20_399;output_qos.csv;
